{
    "videosCarrossel":[
        {
            "id": 0,
            "titulo": "After Enem Dia 1 - Prof.Noslen",
            "texto": "Fala, moçada, o Portal VEM DE ENEM e o Prof. NOSLEN (do maior canal de educação no YouTube Brasil 🇧🇷) estão juntos para te ajudar a dar aquele gás na reta final! Nos domingos, 03 e 10/11, teremos correções ao vivo das questões do ENEM e comentários exclusivos para você aprimorar suas estratégias e garantir o melhor desempenho! ⭐️",
            "frame": "https://i.ytimg.com/vi/DzsKkL_8Dxk/maxresdefault.jpg",
            "link": "https://www.youtube.com/live/DzsKkL_8Dxk?si=FG8ssATpeyqgT9Pp",
            "categoria": "Português",
            "iframeSRC": "https://www.youtube.com/embed/DzsKkL_8Dxk?si=_ws7h8XSzRtIiHNo"
        },
        {
            "id": 1,
            "titulo": "Exercicios de Compreensão de textos [Enem]- Prof.Noslen",
            "texto": "O Professor Noslen vai te mostrar como as bancas do ENEM elaboram as questões de compreensão de textos, com exemplos reais da prova de 2023. Você vai ter acesso a dicas matadoras para otimizar seu tempo na prova e garantir que você consiga responder todas as questões.",
            "frame": "https://i.ytimg.com/vi/XgiubkEAqdo/hq720.jpg?sqp=-oaymwEhCK4FEIIDSFryq4qpAxMIARUAAAAAGAElAADIQj0AgKJD&rs=AOn4CLCO7VKZrLIdBS83IW9uaJKLs7yB1g",
            "link": "https://youtu.be/XgiubkEAqdo?si=wLoZDZsqPMvxUIh1",
            "categoria": "Português",
            "iframeSRC": "https://www.youtube.com/embed/XgiubkEAqdo?si=CWjU07qi29I-NTSs"
            
        },
        {
            "id": 2,
            "titulo": "Como fazer a INTRODUÇÂO perfeita para o ENEM - Prof.Noslen",
            "texto": "Tá ligado que a introdução da redação do ENEM é o primeiro passo pra conquistar a nota 1000? Nesse vídeo, eu vou te mostrar, passo a passo, como construir uma introdução que deixa qualquer corretor babando!",
            "frame": "https://i.ytimg.com/vi/WfP2bl5xb5E/hq720.jpg?sqp=-oaymwEhCK4FEIIDSFryq4qpAxMIARUAAAAAGAElAADIQj0AgKJD&rs=AOn4CLCOmCTzTVqQX-UFzaxqW2XGfaQqJQ",
            "link": "https://youtu.be/WfP2bl5xb5E?si=EKkU013o7tBpQ5EI",
            "categoria": "Português",
            "iframeSRC":"https://www.youtube.com/embed/WfP2bl5xb5E?si=uJpHwboiaUnAWtI1"
        },
        {
            "id": 3,
            "titulo": "Simple Present . Correção - Prof.Rui Ventura",
            "texto": "Nesta aula você poderá corrigir as atividades da aula sobre Simple Present, entender a estrutura e uso correto do presente simples em Inglês e ainda treinar a pronúncia.",
            "frame": "https://i.ytimg.com/vi/TTN2ZqLU-pU/hq720.jpg?sqp=-oaymwEhCK4FEIIDSFryq4qpAxMIARUAAAAAGAElAADIQj0AgKJD&rs=AOn4CLABP3HfvMs1cIBm9-_QvsHghcLTLA",
            "link": "https://youtu.be/TTN2ZqLU-pU?si=ri4ozZ50mdW4Ehn5",
            "categoria": "Inglês",
            "iframeSRC": "https://www.youtube.com/embed/TTN2ZqLU-pU?si=RRbaLSDv340GC9Rv"
        },
        {
            "id": 4,
            "titulo": "Days of the Week - Prof.Rui Ventura",
            "texto": "Na aula de inglês com o professor Rui Ventura, você vai aprender os dias da semana de um jeito leve e divertido! Com dicas práticas e descontraídas, ele facilita a memorização e ajuda a fixar o conteúdo no seu dia a dia.",
            "frame": "https://i.ytimg.com/vi/f5oTdtf0RC0/hq720.jpg?sqp=-oaymwEhCK4FEIIDSFryq4qpAxMIARUAAAAAGAElAADIQj0AgKJD&rs=AOn4CLDDNfXOcgE-yNJII3h3GworwKdNgg",
            "link": "https://youtu.be/f5oTdtf0RC0?si=Gv7G4NOquuSxoLre",
            "categoria": "Inglês",
            "iframeSRC": "https://www.youtube.com/embed/f5oTdtf0RC0?si=V9xUtumDbMx46ukf"
        },
        {
            "id": 5,
            "titulo": "Greetings - Prof.Rui Ventura",
            "texto": "Na aula de inglês com o professor Rui Ventura, você vai dominar os greetings e aprender a cumprimentar como um verdadeiro falante! Com seu jeito leve e prático, ele ensina as saudações para diferentes ocasiões, sempre com um toque de diversão.",
            "frame": "https://i.ytimg.com/vi/qCvW_afKadw/hq720.jpg?sqp=-oaymwEhCK4FEIIDSFryq4qpAxMIARUAAAAAGAElAADIQj0AgKJD&rs=AOn4CLCea04eQPzyfDsBYPAFs6T_0QZAbA",
            "link": "https://youtu.be/qCvW_afKadw?si=Atr9k31yU0BsrpWh",
            "categoria": "Inglês",
            "iframeSRC": "https://www.youtube.com/embed/qCvW_afKadw?si=OhQXqN8WhOB3Wx7I"
        }
    ],
    "aulasPortugues":[
        {
            "id": 0,
            "titulo": "After Enem Dia 1 - Prof.Noslen",
            "frame": "https://i.ytimg.com/vi/DzsKkL_8Dxk/maxresdefault.jpg",
            "categoria": "Português"
        },
        {
            "id": 1,
            "titulo": "Exercicios de Compreensão de textos [Enem]- Prof.Noslen",
            "frame": "https://i.ytimg.com/vi/XgiubkEAqdo/hq720.jpg?sqp=-oaymwEhCK4FEIIDSFryq4qpAxMIARUAAAAAGAElAADIQj0AgKJD&rs=AOn4CLCO7VKZrLIdBS83IW9uaJKLs7yB1g",
            "categoria": "Português"
        },
        {
            "id": 2,
            "titulo": "Como fazer a INTRODUÇÂO perfeita para o ENEM - Prof.Noslen",
            "frame": "https://i.ytimg.com/vi/WfP2bl5xb5E/hq720.jpg?sqp=-oaymwEhCK4FEIIDSFryq4qpAxMIARUAAAAAGAElAADIQj0AgKJD&rs=AOn4CLCOmCTzTVqQX-UFzaxqW2XGfaQqJQ",
            "categoria": "Português"
        },
        {
            "id": 3,
            "titulo": "After Enem Dia 2 - Prof.Noslen",
            "frame": "https://i.ytimg.com/vi/oWQTlnNoGK0/maxresdefault.jpg",
            "categoria": "Português"
        },
        {
            "id": 4,
            "titulo": "Revisão Final para o ENEM 2024 Português + Redação [Professor Noslen]",
            "frame": "https://i.ytimg.com/vi/GdGUkL2H1Tw/hq720.jpg?sqp=-oaymwEhCK4FEIIDSFryq4qpAxMIARUAAAAAGAElAADIQj0AgKJD&rs=AOn4CLCrgACJ7tPbFkgLEm-hzJI5IMxfYA",
            "categoria": "Português"
        },
        {
            "id": 5,
            "titulo": "PASSO a PASSO para resolver QUESTÕES de PORTUGUÊS do ENEM ",
            "frame": "https://i.ytimg.com/vi/yH54CrIQbug/hq720.jpg?sqp=-oaymwEhCK4FEIIDSFryq4qpAxMIARUAAAAAGAElAADIQj0AgKJD&rs=AOn4CLDODVtHnsbeLqxd_ELgpR-XJQ1-TA",
            "categoria": "Português"
        }
        
    ]
}